path	bytes	sha256
bin/per_rank/rank_00000000/io_legacy_per_rank.bin_per_rank.00000.bin	6377	2899b2ac4a9a1c6adba8e2f278942a753a5f26a29b705aaf8d7857857c36f2f4
bin/per_rank/rank_00000000/io_legacy_per_rank.bin_per_rank.00001.bin	6345	e5083298387d637f9b3db0ec16ee0914e12805605ca24df0b2ceb26a90c53b39
bin/per_rank/rank_00000001/io_legacy_per_rank.bin_per_rank.00000.bin	6377	decbb98cd1d2d8dbd905d9916c8beeb42b495ccfc79556eb362a649169992a0b
bin/per_rank/rank_00000001/io_legacy_per_rank.bin_per_rank.00001.bin	6345	ccaa61a321501b6fbd0849062d3c1a54c09c94b603a6573556d73514fbfa27d4
bin/shared/io_legacy_shared.bin_shared.00000.bin	9544	305fef7327cab2aeac554cd2f838bc7ef4f8b9e0180c5056781d87990c9f0c2d
bin/shared/io_legacy_shared.bin_shared.00001.bin	9512	0b015ae42af912071cb778e0530a484bea0aaf3a6e5cfa2515cb3e19bb5d18b5
cbin/per_rank/rank_00000000/io_legacy_per_rank.cbin_per_rank.00000.cbin	3896	e76ffb48723f3733425ea5bd65b30817f9d9653f1aba9482ae3b70ec9b72f7a3
cbin/per_rank/rank_00000000/io_legacy_per_rank.cbin_per_rank.00001.cbin	3851	22ef96f3647504db15d9f8224ac5c49682d03034fcac47691c45e2e1d8f13591
cbin/per_rank/rank_00000001/io_legacy_per_rank.cbin_per_rank.00000.cbin	3896	7d72d37a7aa1f62918634d09cc3c88f13087edb1de7f2c3a96765dda70ed6e57
cbin/per_rank/rank_00000001/io_legacy_per_rank.cbin_per_rank.00001.cbin	3851	a650c66b1b09c862197aa5ba38d6ff6bad6a23db0914685433a6db25723739b9
cbin/shared/io_legacy_shared.cbin_shared.00000.cbin	4567	e4fd703c9336637f5db185ffa0a42a007128c1e9eeef9b872f27aefcfbdebd72
cbin/shared/io_legacy_shared.cbin_shared.00001.cbin	4522	a53313ee5a28f8de7ff54dc7f36c5286ed18bd69800720692ea4c5292f834871
pdf/legacy_1d/io_legacy_shared.00000.pdf	154	0b34c135a1aef12e98a2ce2309a7b7ab7ab97488c0449ff5fa9c74a579187a9b
pdf/legacy_1d/io_legacy_shared.00001.pdf	154	ff3f5351d251f99d6981c7260e3bd7e2a213a47fad2ad75a17bfd9202c7ee210
pdf/legacy_1d/io_legacy_shared.bins.pdf	143	4e3489a0e5f66d10716cef0063eacfe9b9362253bb2ed90d19e8776f15b8acdf
pdf/legacy_2d/io_legacy_pdf_2d.00000.pdf	809	3bbcc0c6aae5ba0c2be62043754b95993f39165df887509ab4e9aae6c42e43f3
pdf/legacy_2d/io_legacy_pdf_2d.00001.pdf	809	5c6e81cc20caaa5be1702b8b01cbfd10d29f7a46b1070a63fa0336d34eabadab
pdf/legacy_2d/io_legacy_pdf_2d.bins.pdf	222	d843e96a4d8c2a646673f8c184b699b80af08e17f84020524e7704964e253d65
producer/origin_main_legacy_pdf_2d.athinput	933	777f764363114b9758d0eb758722807c32f9198524b451272226343a06883c82
producer/origin_main_legacy_per_rank.athinput	1002	7ab849e5d7bd58d2367ba05e20669cdd43b1a8f00e536761e85307ff8e46be80
producer/origin_main_legacy_shared.athinput	1063	2e15111e874f96c18436352febc166170ec334394e6b5dbb54e7548595089696
rst/per_rank/rank_00000000/io_legacy_per_rank.00000.rst	34490	fcb38061bc1bec984cb2c1ddd9329e8d6561ac90b33efc9bb6083fc5b9b95d01
rst/per_rank/rank_00000000/io_legacy_per_rank.00001.rst	34490	ee1b97fdf9b13d9f01e964e7c6ed016d4fcf1a716c6dc571ab0caddd193718d9
rst/per_rank/rank_00000001/io_legacy_per_rank.00000.rst	34490	6c389718a3a7d52af4fa42c203d5f9527b69ee87d8b174341e3517d18fac2511
rst/per_rank/rank_00000001/io_legacy_per_rank.00001.rst	34490	bbaa0524483a22509e77d55d355fb85be6eb000afe6710681115ef8ce796b5a0
rst/shared/io_legacy_shared.00000.rst	55557	0e078b0fbe6a22ddaff776ca101a87f8da5e8259d7c4106f6ccb0f044060b75e
rst/shared/io_legacy_shared.00001.rst	55557	16162faec5e5032c649d1ec73896acae982d26b55c144e0d58c03428f772fa59
