time,time_binary,cycle,psi_ref_minus_X,fixed_X_verified,bx_at_X,by_at_X,hessian_det_X,stationary_midplane,nulls_midplane,O_candidates_midplane,total_energy_snapshot,magnetic_energy_bcc,kinetic_energy,internal_energy,density_min,pressure_min,finite_state,X_local_di_cells,outward_energy_flux_approx,divb_max,delta,delta_local_di,half_length,aspect_ratio,rate_normalization,depth,q_max_edge,frac_qstar,frac_q1,x_q,etaJ2_cc,heat_frac,x_etaJz,x_Ez,ref_etaJz,ref_Ez,tot-E,flux_rate_raw,flux_rate_verified_X,physical_EMF_difference,resistive_EMF_difference,rate_minus_physical_EMF,energy_balance_approx
0.0,0.0,0,-9.995314452374628e-05,True,8.881784197001252e-16,-2.761005342197698e-19,-0.9878099866313073,1,1,0,0.334974408395739,0.22994837757195893,0.0,0.10502603082378015,1.0000000000629483,0.10000000003156204,True,1.4155930575405469,-7.798866250498508e-10,4.440894483745406e-12,0.020215204185870393,5.712151264994714,nan,nan,1.0,1.0,0.1765093854720966,1.0,0.0,0.17634872304274857,0.00033154659750668183,1.0,-0.00024915172069172616,-0.00024915172069172616,-0.00024935165820474356,-0.00024935165820474356,0.33497440839574105,3.994795599178521e-07,3.994795599178521e-07,1.9993751301740272e-07,1.9993751301740272e-07,1.995420469004494e-07,0.0
0.0027774602994175964,0.00277746,3,-9.995203498512818e-05,True,8.881784197001252e-16,-1.1259825203177972e-18,-0.9864857450264641,1,1,0,0.33497440866469586,0.22994819814918416,1.779040213086186e-08,0.10502619272510952,0.9999995505850228,0.09999992503252561,True,1.4164000408126114,-3.811776233209726e-08,4.607193773486845e-12,0.02023956771252511,5.7157772181121596,nan,nan,1.0,1.0,0.17619997140480792,1.0,0.0,0.1760388171835395,0.00033154040217961146,1.0,-0.0002485721718597793,-0.0002485721718597793,-0.0002487739187451806,-0.0002487739187451806,0.33497440866469685,6.597054403312264e-07,6.597054403312264e-07,2.0174688540131134e-07,2.0174688540131134e-07,4.57958554929915e-07,2.149374642145098e-10
0.004629100499029345,0.0046291,5,-9.995049221821419e-05,True,8.881784197001252e-16,-2.3458477048793118e-18,-0.9856228324678254,1,1,0,0.33497440923288974,0.2299482387409698,3.2396145199436294e-08,0.10502613809577473,0.9999991588516642,0.0999998596880081,True,1.4164891662828536,-1.8063107625771346e-07,4.660391423629267e-12,0.020254673607515934,5.719683309874573,nan,nan,1.0,1.0,0.1761626878035554,1.0,0.0,0.17599988787736837,0.00033153365266420703,1.0,-0.0002485015657962604,-0.0002485015657962604,-0.00024870707475019906,-0.00024870707475019906,0.3349744092328896,9.959345109965267e-07,9.959345109965267e-07,2.0550895393864777e-07,2.0550895393864777e-07,7.90425557057879e-07,5.806081632502475e-10
0.006480740698641106,0.00648074,7,-9.994834676037471e-05,True,8.864436962241485e-16,-1.8865549913278838e-18,-0.985004204877658,1,1,0,0.3349744101851537,0.22994839869492922,4.30209626260771e-08,0.10502596846926192,0.9999985937879382,0.09999977830098498,True,1.4164554695906688,-3.7494443027609475e-07,4.665711002508019e-12,0.02026430961366362,5.722540538325342,nan,nan,1.0,1.0,0.17617214278487392,1.0,0.0,0.17600679818235618,0.000331523822667079,1.0,-0.0002485172346903571,-0.0002485172346903571,-0.000248728409361333,-0.000248728409361333,0.33497441018515406,1.3896488217438052e-06,1.3896488217438052e-06,2.1117467097588657e-07,2.1117467097588657e-07,1.1784741507679187e-06,1.0185096263146414e-09
0.008332380898252544,0.00833238,9,-9.994534595897083e-05,True,8.829742492721948e-16,-1.9200318084378453e-18,-0.9845832282188983,1,1,0,0.33497441157577673,0.22994866594357874,4.9438961057107174e-08,0.10502569619323697,0.9999976464434762,0.09999962300807978,True,1.4164086443523778,-6.021250461538567e-07,4.725636465732134e-12,0.020270138071256924,5.724375702472372,nan,nan,1.0,1.0,0.17618786887996193,1.0,0.0,0.1760187421852914,0.00033151012377891895,1.0,-0.00024854231564756953,-0.00024854231564756953,-0.0002487618526417081,-0.0002487618526417081,0.3349744115757762,1.783729182868593e-06,1.783729182868593e-06,2.1953699413858763e-07,2.1953699413858763e-07,1.5641921887300054e-06,1.5045411835878042e-09
0.010184021097749041,0.010184,11,-9.994174111105452e-05,True,8.881784197001252e-16,-1.4831022207113864e-18,-0.9841676347990738,1,1,0,0.33497441345121653,0.22994902539229536,5.2968624998825244e-08,0.10502533509029624,0.9999964689840016,0.09999942817333209,True,1.4164046675346733,-8.548256038743842e-07,4.835560735191746e-12,0.020273861238723143,5.725443216453217,nan,nan,1.0,1.0,0.17618871656435342,1.0,0.0,0.17601485910019157,0.000331491915648305,1.0,-0.00024853753045949876,-0.00024853753045949876,-0.0002487673112005457,-0.0002487673112005457,0.334974413451217,2.100547302923139e-06,2.100547302923139e-06,2.2978074104692756e-07,2.2978074104692756e-07,1.8707665618762116e-06,2.031107790107052e-09
0.012035661292376277,0.0120357,13,-9.993756704332847e-05,True,8.881784197001252e-16,-1.7861404733243014e-18,-0.9838131199214929,1,1,0,0.3349744158527061,0.2299494601197655,5.504657815579229e-08,0.10502490068636243,0.9999950653204822,0.09999919524696814,True,1.4164500804499462,-1.1283301742240093e-06,4.8193024492712204e-12,0.020277102113229632,5.726174862946949,nan,nan,1.0,1.0,0.17617242712321757,1.0,0.0,0.17599307154211777,0.0003314686971799477,1.0,-0.0002484987984697748,-0.0002484987984697748,-0.00024874057810003557,-0.00024874057810003557,0.33497441585270715,2.4462149595550625e-06,2.4462149595550625e-06,2.4177963026079463e-07,2.4177963026079463e-07,2.204435329294268e-06,2.596552488027022e-09
0.014813121451225254,0.0148131,16,-9.992997303382498e-05,True,8.847089727481717e-16,-1.847795115584589e-19,-0.9832475212591888,1,1,0,0.3349744205311336,0.2299502188860984,5.736199542510976e-08,0.10502414428303969,0.9999925473128223,0.09999877550485978,True,1.4165742710187779,-1.5784292779022373e-06,4.859124842436209e-12,0.02028290422237993,5.727311200645292,nan,nan,1.0,1.0,0.17613015168491417,1.0,0.0,0.17594075163008097,0.000331424146582536,1.0,-0.0002484031444444394,-0.0002484031444444394,-0.00024866703686516174,-0.00024866703686516174,0.33497442053113313,3.059455663784183e-06,3.059455663784183e-06,2.6389242072235664e-07,2.6389242072235664e-07,2.7955632430618263e-06,3.5160201990464705e-09
0.01666476119611322,0.0166648,18,-9.992390646573879e-05,True,8.812395257962181e-16,2.3764857804224326e-19,-0.98279789128334,1,1,0,0.3349744244322823,0.22995077458101204,5.882487996722214e-08,0.10502359102639036,0.9999906032195213,0.09999845144048426,True,1.41666792910485,-1.907541553746135e-06,4.855761707436498e-12,0.02028783832611505,5.728325716792039,nan,nan,1.0,1.0,0.17610019632084126,1.0,0.0,0.1759026212339287,0.00033138812516383736,1.0,-0.0002483328910326533,-0.0002483328910326533,-0.00024861461817758706,-0.00024861461817758706,0.334974424432284,3.4863363026528538e-06,3.4863363026528538e-06,2.8172714493376275e-07,2.8172714493376275e-07,3.204609157719091e-06,4.189789975154195e-09
0.018516400242438193,0.0185164,20,-9.991706215882975e-05,True,8.812395257962181e-16,-1.4016696044792215e-18,-0.9822965769068995,1,1,0,0.33497442901547547,0.22995135345355439,6.015002324785792e-08,0.1050230154118979,0.9999884552821647,0.09999809340373901,True,1.4167646660474011,-2.261972211689163e-06,4.926332101582928e-12,0.02029353091335971,5.72954179326781,nan,nan,1.0,1.0,0.17607081838043956,1.0,0.0,0.17586391898486797,0.00033134747551380136,1.0,-0.0002482613001289799,-0.0002482613001289799,-0.00024856323765293356,-0.00024856323765293356,0.3349744290154769,3.855178686722194e-06,3.855178686722194e-06,3.0193752395367554e-07,3.0193752395367554e-07,3.5532411627685182e-06,4.912765665299974e-09
0.02,0.02,22,-9.991115381545919e-05,True,8.829742492721949e-16,-1.9544809977871472e-18,-0.9818677067496199,1,1,0,0.33497443321514686,0.22995182457393637,6.105154453789351e-08,0.10502254758966593,0.9999865927175746,0.09999778294008659,True,1.4168463612950684,-2.5652619684502687e-06,4.984936617137559e-12,0.020298469645446866,5.730605717021451,nan,nan,1.0,1.0,0.17604668864662537,1.0,0.0,0.1758317436581448,0.000331311964596631,1.0,-0.00024820156717263506,-0.00024820156717263506,-0.00024852096616277745,-0.00024852096616277745,0.3349744332151452,3.982437541150735e-06,3.982437541150735e-06,3.193989901423928e-07,3.193989901423928e-07,3.6630385510083425e-06,5.531592215428403e-09
